date,division,suspected_24h,suspected_deaths_24h,hospitalized_24h,confirmed_deaths_24h,recovered_24h,suspected_cumulative,confirmed_cumulative,hospitalized_cumulative,confirmed_deaths_cumulative,recovered_cumulative
2026-04-04,Chattogram,114,94,50,1,14,0,769,500,225,7
2026-04-04,Dhaka,315,201,64,3,35,2,2769,2045,1258,38
2026-04-04,Khulna,77,64,19,0,4,0,631,468,144,1
2026-04-04,Rajshahi,208,66,20,0,4,0,1308,1066,728,50
2026-04-04,Rangpur,12,8,18,0,0,0,167,42,21,0
2026-04-05,Chattogram,195,131,95,2,1,0,999,672,323,10
2026-04-05,Dhaka,392,269,228,0,38,1,3259,2436,1555,40
2026-04-05,Khulna,82,73,38,5,0,0,683,515,281,6
2026-04-05,Rajshahi,124,77,85,3,10,0,1480,1185,851,55
2026-04-05,Rangpur,37,11,11,0,0,0,206,55,36,0
2026-04-06,Chattogram,154,87,113,0,10,0,1170,712,484,10
2026-04-06,Dhaka,470,238,285,5,138,2,3652,2685,3924,43
2026-04-06,Khulna,101,63,62,0,9,0,767,577,256,6
2026-04-06,Rajshahi,260,91,70,0,5,0,1598,1292,937,57
2026-04-06,Rangpur,106,30,13,0,2,0,319,90,66,0
2026-04-07,Chattogram,175,125,99,0,8,0,1415,936,601,10
2026-04-07,Dhaka,499,256,238,8,186,1,4160,2945,2082,51
2026-04-07,Khulna,101,65,63,0,3,0,824,643,325,6
2026-04-07,Rajshahi,225,92,92,1,12,0,1750,1395,998,58
2026-04-07,Rangpur,54,17,26,0,4,0,379,130,109,0
2026-04-08,Chattogram,145,126,84,0,24,0,1560,1062,685,10
2026-04-08,Dhaka,505,285,243,6,135,0,4667,3231,2335,57
2026-04-08,Khulna,118,72,84,1,4,0,942,715,409,7
2026-04-08,Rajshahi,273,119,83,3,19,0,2023,1514,1081,61
2026-04-08,Rangpur,62,20,20,0,4,0,441,150,129,0
2026-04-09,Chattogram,159,126,85,0,5,0,1719,1188,770,10
2026-04-09,Dhaka,504,261,237,1,150,1,5171,3492,2572,58
2026-04-09,Khulna,84,59,60,0,0,0,1026,774,469,7
2026-04-09,Rajshahi,225,116,89,4,485,0,2248,1630,1170,64
2026-04-09,Rangpur,61,17,13,0,0,0,502,167,142,0
2026-04-10,Chattogram,186,113,305,0,0,0,1905,1301,1075,10
2026-04-10,Dhaka,462,287,219,2,140,0,5633,3779,2791,59
2026-04-10,Khulna,90,62,67,2,10,0,1116,836,536,9
2026-04-10,Rajshahi,230,100,112,0,16,0,2478,1730,1282,62
2026-04-10,Rangpur,26,12,9,0,0,0,528,179,151,0
2026-04-11,Chattogram,100,99,68,0,8,0,2005,1400,1143,10
2026-04-11,Dhaka,445,268,196,0,69,1,6078,4047,2987,59
2026-04-11,Khulna,50,48,57,0,0,0,1166,884,593,9
2026-04-11,Rajshahi,212,89,49,0,2,0,2690,1819,1331,62
2026-04-11,Rangpur,18,4,4,0,0,0,546,183,155,0
2026-04-12,Chattogram,145,112,120,0,1,0,2150,1512,1263,10
2026-04-12,Dhaka,580,357,312,5,123,4,6658,4404,3299,64
2026-04-12,Khulna,102,90,37,1,0,0,1268,974,630,10
2026-04-12,Rajshahi,241,79,77,0,21,0,2931,1898,1408,62
2026-04-12,Rangpur,41,11,9,0,0,0,587,194,164,0
2026-04-13,Chattogram,141,121,103,0,2,0,2291,1633,1366,10
2026-04-13,Dhaka,615,274,305,4,76,2,7273,4678,3604,68
2026-04-13,Khulna,143,118,103,0,0,0,1411,1092,733,10
2026-04-13,Rajshahi,298,108,123,1,4,0,3229,2006,1531,63
2026-04-13,Rangpur,26,11,18,0,0,0,613,205,182,0
2026-04-14,Chattogram,123,109,411,1,3,1,2414,1742,1777,11
2026-04-14,Dhaka,485,290,258,6,157,0,7758,4968,3862,74
2026-04-14,Khulna,87,76,79,0,3,0,1498,1168,812,10
2026-04-14,Rajshahi,257,119,89,1,13,0,3486,2125,1620,64
2026-04-14,Rangpur,17,8,13,0,0,0,630,213,195,0
2026-04-15,Chattogram,100,102,69,0,0,0,2514,1844,1846,11
2026-04-15,Dhaka,505,315,205,2,61,1,8263,5283,4067,76
2026-04-15,Khulna,70,68,94,0,0,0,1568,1236,906,10
2026-04-15,Rajshahi,261,111,48,0,12,0,3747,2236,1668,64
2026-04-15,Rangpur,0,0,1,0,0,0,630,213,196,0
2026-04-16,Chattogram,156,140,110,1,2,0,2670,1984,1956,12
2026-04-16,Dhaka,496,358,353,2,78,2,8759,5641,4420,78
2026-04-16,Khulna,103,97,60,0,2,0,1671,1333,966,10
2026-04-16,Rajshahi,207,74,113,1,4,0,3954,2310,1781,65
2026-04-16,Rangpur,42,8,4,0,0,0,672,221,200,0
2026-04-17,Chattogram,137,133,115,0,0,0,2807,2117,2071,12
2026-04-17,Dhaka,515,357,313,2,120,1,9274,5998,4733,80
2026-04-17,Khulna,77,73,118,0,1,0,1748,1406,1084,10
2026-04-17,Rajshahi,217,90,89,0,5,0,4171,2400,1870,65
2026-04-17,Rangpur,13,4,5,0,0,0,685,225,205,0
2026-04-18,Chattogram,92,92,64,0,2,0,2899,2209,2135,12
2026-04-18,Dhaka,506,330,252,2,81,0,9780,6328,4985,82
2026-04-18,Khulna,45,44,68,0,1,0,1793,1450,1152,10
2026-04-18,Rajshahi,208,85,51,0,2,0,4379,2485,1921,65
2026-04-18,Rangpur,3,3,3,0,0,0,688,228,208,0
2026-04-19,Chattogram,160,154,113,0,3,0,3059,2363,2248,12
2026-04-19,Dhaka,563,361,300,1,148,1,10343,6689,5285,83
2026-04-19,Khulna,72,71,39,0,0,0,1865,1521,1191,10
2026-04-19,Rajshahi,216,96,85,1,14,0,4595,2581,2006,66
2026-04-19,Rangpur,19,15,5,0,0,0,707,243,213,0
2026-04-20,Chattogram,169,157,166,1,12,0,3228,2520,2414,13
2026-04-20,Dhaka,572,382,370,1,147,1,10915,7071,5655,84
2026-04-20,Khulna,98,88,87,0,0,0,1963,1609,1278,10
2026-04-20,Rajshahi,189,100,135,0,13,0,4784,2681,2141,66
2026-04-20,Rangpur,9,9,6,0,0,0,716,252,219,0
2026-04-21,Chattogram,162,162,122,0,0,0,3390,2682,2536,13
2026-04-21,Dhaka,581,445,389,0,171,1,11496,7516,6044,84
2026-04-21,Khulna,71,69,88,0,0,0,2034,1678,1366,10
2026-04-21,Rajshahi,197,105,105,0,17,0,4981,2786,2246,66
2026-04-21,Rangpur,9,8,4,0,0,0,725,260,223,0
2026-04-22,Chattogram,196,192,131,1,0,0,3586,2874,2667,14
2026-04-22,Dhaka,562,406,352,4,122,0,12058,7922,6396,88
2026-04-22,Dhaka,4465462,1423169,1349584,95,388698,372613,96,1615437,327576,314477
2026-04-22,Dhaka,494031,358863,334682,93,35068,30652,87,404764,280130,285969
2026-04-22,Dhaka,404764,280130,285969,102,31591,30354,96,128433,21822,23775
2026-04-22,Khulna,67,67,69,0,0,0,2101,1745,1435,10
2026-04-22,Khulna,1615437,327576,314477,96,140893,133214,95,1342606,345101,335169
2026-04-22,Khulna,92701,20316,16513,81,9725,8631,89,58668,26092,26355
2026-04-22,Rajshahi,193,89,118,0,7,0,5174,2875,2364,66
2026-04-22,Rajshahi,2054084,653868,670371,103,157853,150231,95,1886434,325139,308008
2026-04-22,Rajshahi,54790,13838,11500,83,5338,6038,113,82759,8712,10844
2026-04-22,Rangpur,41,9,6,0,0,0,766,269,229,0
2026-04-23,Chattogram,174,168,146,1,19,0,3760,3042,2813,15
2026-04-23,Dhaka,520,355,420,2,90,1,12578,8277,6816,90
2026-04-23,Dhaka,4465462,1685354,1624515,96,262185,263844,101,1615437,424242,411146
2026-04-23,Dhaka,494031,403330,374595,93,44467,39170,88,404764,303776,306157
2026-04-23,Dhaka,404764,303776,306157,101,23646,19534,83,128433,31217,37329
2026-04-23,Khulna,82,72,64,1,0,0,2183,1817,1499,11
2026-04-23,Khulna,1615437,424242,411146,97,96666,92090,95,1342606,413690,405780
2026-04-23,Khulna,92701,32084,24472,76,11768,7959,68,58668,28874,29580
2026-04-23,Rajshahi,216,93,82,0,6,0,5390,2968,2446,66
2026-04-23,Rajshahi,2054084,749117,778027,104,95249,98198,103,1886434,437232,428842
2026-04-23,Rajshahi,54790,18120,16556,91,4282,5056,118,82759,13505,17135
2026-04-23,Rangpur,36,7,5,0,1,0,802,276,234,0
2026-04-24,Chattogram,172,165,121,0,6,0,3932,3207,2934,15
2026-04-24,Dhaka,545,363,373,4,139,2,13123,8640,7189,94
2026-04-24,Dhaka,4465462,1907651,1854925,97,222297,226368,102,1615437,540079,523230
2026-04-24,Dhaka,494031,404676,383039,95,1346,8045,598,404764,327682,327253
2026-04-24,Dhaka,404764,327682,327253,100,23906,19717,82,128433,34394,43319
2026-04-24,Khulna,95,85,65,0,5,0,2278,1902,1564,11
2026-04-24,Khulna,1615437,540079,523230,97,115837,109339,94,1342606,490220,484156
2026-04-24,Khulna,92701,41713,27952,67,9629,1732,18,58668,33105,33635
2026-04-24,Rajshahi,247,111,120,0,12,0,5637,3079,2566,66
2026-04-24,Rangpur,3,3,9,0,0,0,805,279,243,0
2026-04-25,Chattogram,133,164,128,5,30,0,4065,3371,3062,20
2026-04-25,Dhaka,562,368,250,3,162,0,13685,9008,7439,97
2026-04-25,Khulna,59,56,57,0,4,0,2337,1958,1621,11
2026-04-25,Rajshahi,195,73,60,1,9,0,5832,3152,2626,67
2026-04-25,Rangpur,4,4,0,0,0,0,809,283,243,0
2026-04-26,Chattogram,189,178,145,0,11,0,4254,3549,3207,20
2026-04-26,Dhaka,684,404,412,5,91,1,14369,9412,7851,102
2026-04-26,Dhaka,4465462,2149316,2106793,98,241665,249332,103,1615437,650586,632488
2026-04-26,Dhaka,494031,404676,391574,97,0,8496,0,404764,337228,338951
2026-04-26,Dhaka,404764,337228,338951,101,9546,11588,121,128433,34394,43319
2026-04-26,Khulna,99,95,38,0,10,0,2436,2053,1659,11
2026-04-26,Khulna,1615437,650586,632488,97,110507,101959,92,1342606,570658,564123
2026-04-26,Khulna,92701,41713,34833,84,0,0,0,58668,33105,33635
2026-04-26,Rajshahi,244,117,126,1,30,0,6076,3269,2752,68
2026-04-26,Rangpur,9,8,11,0,1,0,818,291,254,0
2026-04-27,Chattogram,210,197,170,0,2,0,4464,3746,3377,20
2026-04-27,Dhaka,659,465,491,1,66,0,15028,9877,8342,103
2026-04-27,Dhaka,4465462,2395920,2359046,98,246604,248510,101,1615437,743984,731768
2026-04-27,Dhaka,494031,420604,408599,97,15928,16482,103,404764,352072,351851
2026-04-27,Dhaka,404764,352072,351851,100,14844,12686,85,128433,43843,57349
2026-04-27,Khulna,76,73,103,1,0,0,2512,2126,1762,12
2026-04-27,Khulna,1615437,743984,731768,98,93398,93870,101,1342606,645470,639290
2026-04-27,Khulna,92701,47069,41414,88,5356,6581,123,58668,35912,36199
2026-04-27,Rajshahi,193,97,127,1,18,0,6269,3366,2879,69
2026-04-27,Rajshahi,2054084,1066615,1103965,104,89191,90978,102,1886434,864024,876342
2026-04-27,Rajshahi,54790,27442,27496,100,4475,5067,113,82759,31981,36653
2026-04-27,Rangpur,43,13,10,0,0,0,861,304,264,0
2026-04-28,Chattogram,197,196,194,0,2,0,4661,3942,3571,20
2026-04-28,Dhaka,615,376,416,2,129,3,15643,10253,8758,105
2026-04-28,Dhaka,4465462,2609473,2583776,99,213553,216941,102,1615437,841470,837427
2026-04-28,Dhaka,494031,420627,414421,99,23,6542,28443,404764,367695,364006
2026-04-28,Dhaka,404764,367695,364006,99,15623,11083,71,128433,52510,71039
2026-04-28,Khulna,91,84,64,0,0,0,2603,2210,1826,12
2026-04-28,Khulna,1615437,841470,837427,100,97486,102155,105,1342606,709761,705050
2026-04-28,Khulna,92701,55291,53256,96,8222,11842,144,58668,38804,38216
2026-04-28,Rajshahi,191,85,117,1,8,0,6460,3451,2996,70
2026-04-28,Rajshahi,2054084,1169008,1211223,104,102393,104304,102,1886434,985659,1006296
2026-04-28,Rajshahi,54790,32641,32681,100,5199,5185,100,82759,36608,42332
2026-04-28,Rangpur,15,5,4,0,0,0,876,309,268,0
2026-04-29,Chattogram,218,207,137,0,2,0,4879,4149,3708,20
2026-04-29,Dhaka,620,394,337,1,60,0,16263,10647,9095,106
2026-04-29,Dhaka,4465462,2958932,2933078,99,349459,345573,99,1615437,997284,989097
2026-04-29,Dhaka,494031,435140,427616,98,14513,13195,91,404764,379628,372999
2026-04-29,Dhaka,404764,379628,372999,98,11933,7940,67,128433,59411,86940
2026-04-29,Khulna,80,78,82,0,0,0,2683,2288,1908,12
2026-04-29,Khulna,1615437,997284,989097,99,155814,150697,97,1342606,829479,825922
2026-04-29,Khulna,92701,65609,64434,98,10318,11178,108,58668,43182,42643
2026-04-29,Rajshahi,177,83,98,0,26,0,6637,3534,3094,70
2026-04-29,Rajshahi,2054084,1331713,1378482,104,162705,163961,101,1886434,1162588,1192391
2026-04-29,Rajshahi,54790,37915,37828,100,5274,5147,98,82759,41366,48494
2026-04-29,Rangpur,13,8,7,0,0,0,889,317,275,0
2026-04-30,Chattogram,174,166,201,0,9,0,5053,4315,3909,20
2026-04-30,Dhaka,558,366,385,0,62,1,16821,11013,9480,106
2026-04-30,Dhaka,4465462,3238037,3208694,99,279105,269508,97,1615437,1108003,1099612
2026-04-30,Dhaka,494031,449025,437705,97,13885,10076,73,404764,387683,375683
2026-04-30,Dhaka,404764,387683,375683,97,8055,2358,29,128433,63359,103406
2026-04-30,Khulna,83,82,82,0,2,0,2766,2370,1990,12
2026-04-30,Khulna,1615437,1108003,1099612,99,110719,105609,95,1342606,928792,923156
2026-04-30,Khulna,92701,72208,68429,95,6599,3995,61,58668,45792,44997
2026-04-30,Rajshahi,171,79,89,0,8,0,6808,3613,3183,70
2026-04-30,Rajshahi,2054084,1469426,1489039,101,137713,105113,76,1886434,1321614,1355234
2026-04-30,Rajshahi,54790,43769,43213,99,5854,5385,92,82759,46241,53972
2026-04-30,Rangpur,13,11,9,0,0,0,902,328,284,0
2026-05-01,Chattogram,164,183,173,0,6,0,5550,4685,4273,22
2026-05-01,Dhaka,497,370,364,2,73,0,16899,11085,9556,106
2026-05-01,Dhaka,4465462,3493724,3503701,100,261220,280696,107,1615437,1214971,1211154
2026-05-01,Dhaka,494031,449002,444623,99,0,5735,0,404764,392887,380843
2026-05-01,Dhaka,404764,392887,380843,97,5204,3886,75,128433,66794,119299
2026-05-01,Khulna,78,72,75,0,7,0,2785,2386,2019,12
2026-05-01,Khulna,1615437,1214971,1211154,100,106968,107440,100,1342606,1025624,1027004
2026-05-01,Khulna,92701,78962,75098,95,6754,5400,80,58668,48189,47468
2026-05-01,Rajshahi,180,78,75,0,14,0,6818,3627,3196,70
2026-05-01,Rajshahi,2054084,1584423,1638371,103,114997,115586,101,1886434,1456615,1498853
2026-05-01,Rajshahi,54790,45831,45651,100,2062,2397,116,82759,52532,60343
2026-05-01,Rangpur,10,14,13,0,3,0,992,411,341,2
2026-05-02,Chattogram,183,192,181,0,4,0,5400,4690,4263,20
2026-05-02,Dhaka,498,368,219,4,64,0,17816,11751,10064,112
2026-05-02,Khulna,58,58,56,0,0,0,2902,2500,2121,12
2026-05-02,Rajshahi,161,56,42,0,4,0,7149,3747,3300,70
2026-05-02,Rangpur,1,1,2,0,0,0,913,343,299,0
2026-05-03,Chattogram,171,156,159,1,10,0,5571,4846,4422,21
2026-05-03,Dhaka,523,419,397,4,64,1,18339,12170,10461,116
2026-05-03,Dhaka,4451021,3711796,3722395,100,218319,217528,100,1614273,1324496,1319753
2026-05-03,Dhaka,495884,449002,451399,101,0,6569,0,404074,392909,383589
2026-05-03,Dhaka,404074,392909,383589,98,0,1715,0,169888,66794,119299
2026-05-03,Khulna,82,79,45,1,0,0,2984,2579,2166,13
2026-05-03,Khulna,1614273,1324496,1319753,100,109525,108521,99,1333168,1118272,1122917
2026-05-03,Khulna,92701,78962,75098,95,0,0,0,58668,48189,47468
2026-05-03,Rajshahi,199,78,66,0,12,0,7348,3825,3366,70
2026-05-03,Rangpur,12,6,12,0,0,0,925,349,311,0
2026-05-04,Chattogram,192,201,199,4,0,1,5763,5047,4621,25
2026-05-04,Dhaka,618,502,463,11,111,1,18957,12672,10924,127
2026-05-04,Dhaka,4444163,3904125,3954960,101,198796,212707,107,1614273,1396643,1394668
2026-05-04,Dhaka,495884,462767,461652,100,13765,10201,74,404074,397562,387906
2026-05-04,Dhaka,404074,397562,387906,98,4653,4275,92,169888,82878,137847
2026-05-04,Khulna,88,87,114,0,0,0,3072,2666,2280,13
2026-05-04,Khulna,1614273,1396643,1394668,100,72147,73099,101,1331262,1167026,1174924
2026-05-04,Khulna,92701,79409,76001,96,447,903,202,58668,49297,49101
2026-05-04,Rajshahi,168,45,88,0,16,0,7516,3870,3454,70
2026-05-04,Rangpur,40,6,7,0,0,0,965,355,318,0
2026-05-05,Chattogram,204,197,190,0,0,0,5967,5244,4811,25
2026-05-05,Dhaka,545,417,644,0,110,2,19502,13089,11568,127
2026-05-05,Dhaka,4444163,4001068,4070769,102,96943,111075,115,92,1614273,1441893
2026-05-05,Dhaka,495884,462767,468064,101,0,4845,0,94,404074,399476
2026-05-05,Dhaka,404074,399476,390957,98,1914,2668,139,97,169888,97958
2026-05-05,Khulna,115,115,93,1,124,0,3187,2781,2373,14
2026-05-05,Rajshahi,174,82,66,1,20,0,7690,3952,3520,71
2026-05-05,Rangpur,9,5,6,0,4,0,974,360,324,0
2026-05-05,Total,1186,989,1217,4,259,2,42979,29831,26368,263
2026-05-06,Chattogram,205,200,163,2,39,0,6172,5444,4974,338
2026-05-06,Chattogram,4296218,3775380,3819011,101,234446,225298,96,89,4444163,4164783
2026-05-06,Chattogram,300285,203227,244289,120,3694,6708,182,81,48004,46224
2026-05-06,Dhaka,569,450,384,0,122,0,20073,13545,11971,3984
2026-05-06,Dhaka,4444163,4164783,4229859,102,163715,157577,96,95,1614273,1507052
2026-05-06,Dhaka,495884,475433,478901,101,12666,10560,83,97,404074,402177
2026-05-06,Dhaka,404074,402177,394959,98,2701,3654,135,98,169888,113243
2026-05-06,Khulna,99,98,78,0,2,1,3286,2879,2451,224
2026-05-06,Rajshahi,186,98,72,0,23,2,7876,4045,3577,1073
2026-05-06,Rangpur,9,4,1,0,2,0,983,364,325,25
2026-05-06,Total,1281,1054,855,2,373,5,44260,30885,27223,6099
2026-05-07,Chattogram,251,250,190,0,43,0,6423,5694,5164,381
2026-05-07,Dhaka,508,419,485,1,193,5,20581,13964,12456,4177
2026-05-07,Dhaka,4447379,4261964,4324870,101,96574,89270,92,97,1614273,1543763
2026-05-07,Dhaka,495884,487250,490548,101,11817,10087,85,99,404074,402661
2026-05-07,Dhaka,404074,402661,396949,99,484,1797,371,98,173104,128401
2026-05-07,Khulna,87,87,113,0,0,1,3373,2966,2564,224
2026-05-07,Khulna,1614273,1543763,1533546,99,36711,32352,88,95,1331262,1281745
2026-05-07,Khulna,92701,86016,82897,96,1211,1531,126,89,58668,53867
2026-05-07,Rajshahi,173,64,63,0,21,2,8049,4109,3640,1094
2026-05-07,Rangpur,11,11,16,0,10,0,994,375,341,35
2026-05-07,Total,1238,1027,1015,1,286,11,45498,31912,28238,6208
2026-05-08,Chattogram,213,212,217,0,46,0,6636,5906,5381,427
2026-05-08,Chattogram,4296218,4071096,4133255,102,146768,147921,101,96,4447379,4325605
2026-05-08,Chattogram,300285,222728,261187,117,8019,7525,94,87,48004,47338
2026-05-08,Dhaka,594,451,384,0,204,2,21175,14415,12840,4381
2026-05-08,Dhaka,4447379,4325605,4386713,101,63641,59595,94,99,1614273,1576969
2026-05-08,Dhaka,495884,487250,494776,102,0,3412,0,100,404074,403809
2026-05-08,Dhaka,404074,403809,398855,99,1148,1805,157,99,173104,134893
2026-05-08,Khulna,63,62,68,0,15,1,3436,3028,2632,239
2026-05-08,Khulna,1614273,1576969,1568781,99,33206,33294,100,97,1331262,1301876
2026-05-08,Khulna,92701,87863,85071,97,1847,2174,118,92,58668,55032
2026-05-08,Rajshahi,164,72,69,0,13,0,8213,4181,3709,1107
2026-05-08,Rajshahi,2048435,1999339,2051545,103,31799,27767,87,100,1888247,1859990
2026-05-08,Rajshahi,54886,53485,55315,103,1469,1628,111,101,82249,77454
2026-05-08,Rangpur,27,14,7,0,1,0,1021,389,348,36
2026-05-08,Rangpur,1888247,1859990,1893565,102,34377,27777,81,100,1323966,1306935
2026-05-08,Rangpur,82249,77454,76488,99,5451,890,16,93,68933,64955
2026-05-08,Total,1212,950,914,1,282,6,46710,32862,29152,6490
2026-05-09,Chattogram,161,160,158,0,37,0,6797,6066,5539,464
2026-05-09,Dhaka,437,353,241,0,87,3,21612,14768,13081,4468
2026-05-09,Khulna,61,61,51,0,0,2,3497,3089,2683,239
2026-05-09,Rajshahi,142,59,41,0,0,0,8355,4240,3750,1107
2026-05-09,Rangpur,9,1,5,0,365,0,1030,390,353,401
2026-05-09,Total,946,769,594,3,489,6,47656,33631,29746,6979
2026-05-10,Dhaka,592,3,156,3,496,443,22204,138,4624,41
2026-05-10,Dhaka,4451482,4371557,4429128,101,43860,40303,92,99,1614273,1593897
2026-05-10,Dhaka,495884,487250,499450,103,0,4372,0,101,404074,403809
2026-05-10,Dhaka,404074,403809,400037,99,0,1150,0,99,178423,138201
2026-05-10,Khulna,107,0,0,0,104,70,3604,18,239,0
2026-05-10,Khulna,1614273,1593897,1583776,99,16928,14727,87,98,1330655,1317565
2026-05-10,Khulna,92701,87863,85071,97,0,0,0,92,58668,55032
2026-05-10,Rajshahi,183,0,0,0,61,51,8538,78,1107,2
2026-05-10,Rajshahi,2048435,2031051,2074328,102,31712,21182,67,101,1888247,1875597
2026-05-10,Rajshahi,54886,53485,56053,105,0,708,0,102,82249,82249
2026-05-10,Rangpur,21,0,0,0,6,2,1051,4,36,0
2026-05-10,Rangpur,1888247,1875597,1904792,102,15607,10836,69,101,1323966,1312971
2026-05-10,Rangpur,82249,82249,77417,94,4795,929,19,94,68933,64955
2026-05-10,Total,1503,7,205,4,1278,1116,49159,344,6819,65
2026-05-11,Dhaka,565,3,96,0,454,485,22769,141,4720,41
2026-05-11,Dhaka,4451482,4407954,4460820,101,36397,31176,86,100,1614273,1609785
2026-05-11,Dhaka,495884,487250,503332,103,0,3295,0,102,404074,403894
2026-05-11,Dhaka,404074,403894,401278,99,0,1125,0,99,178423,148922
2026-05-11,Khulna,97,0,0,0,95,124,3701,18,239,0
2026-05-11,Khulna,1614273,1609785,1602419,100,15888,18034,114,99,1330655,1327536
2026-05-11,Khulna,92701,88657,86775,98,794,1704,215,94,58668,55897
2026-05-11,Rajshahi,175,0,0,0,72,59,8713,78,1107,2
2026-05-11,Rajshahi,2048435,2045697,2090289,102,14646,15741,107,102,1888247,1884700
2026-05-11,Rajshahi,54886,54886,57370,105,1401,1317,94,105,82249,82249
2026-05-11,Rangpur,27,0,0,0,22,11,1078,4,36,0
2026-05-11,Rangpur,1888247,1884700,1917351,102,9103,10971,121,102,1323966,1320946
2026-05-11,Rangpur,82249,82249,77747,95,0,330,0,95,68933,66187
2026-05-11,Total,1341,6,118,0,1071,1130,50500,350,6937,65
2026-05-12,Dhaka,390,1,53,3,347,312,23159,142,4773,44
2026-05-12,Dhaka,4451482,4428522,4474528,101,20568,11984,58,101,1614273,1612299
2026-05-12,Dhaka,495884,495884,507937,102,8634,4021,47,102,404074,403894
2026-05-12,Dhaka,404074,403894,402599,100,0,1229,0,100,178423,159039
2026-05-12,Khulna,82,1,0,0,82,81,3745,19,239,0
2026-05-12,Khulna,1614273,1612299,1607539,100,2514,4932,196,100,1330655,1328506
2026-05-12,Khulna,92701,90830,89118,98,2173,2343,108,96,58668,56867
2026-05-12,Rajshahi,163,0,0,0,70,56,8876,78,1107,2
2026-05-12,Rajshahi,2048435,2046911,2094591,102,1214,2670,220,102,1888247,1884700
2026-05-12,Rajshahi,54886,54886,57569,105,0,199,0,105,82249,82249
2026-05-12,Rangpur,12,0,0,0,12,14,1090,4,36,0
2026-05-12,Rangpur,1888247,1884700,1921422,102,0,2903,0,102,1323966,1320946
2026-05-12,Rangpur,82249,82249,78216,95,0,469,0,95,68933,66187
2026-05-12,Total,1105,6,87,3,939,885,51567,356,7024,68
2026-05-13,Dhaka,717,1,112,0,513,421,23876,143,4885,44
2026-05-13,Dhaka,4449632,4437347,4485167,101,10675,9649,90,101,1614273,1613995
2026-05-13,Dhaka,495884,495884,510955,103,0,2777,0,103,404074,403897
2026-05-13,Dhaka,404074,403897,403815,100,0,1060,0,100,178423,168752
2026-05-13,Khulna,86,0,0,0,84,65,3831,19,239,0
2026-05-13,Khulna,1614273,1613995,1611212,100,1696,3559,210,100,1330655,1330307
2026-05-13,Khulna,92701,92444,91265,99,1614,2147,133,98,58668,58668
2026-05-13,Rajshahi,187,0,0,0,92,42,9063,78,1107,2
2026-05-13,Rajshahi,2048435,2048026,2096323,102,1115,1311,118,102,1888247,1884700
2026-05-13,Rajshahi,54886,54886,57851,105,0,282,0,105,82249,82249
2026-05-13,Rangpur,12,0,1,0,12,8,1102,4,37,0
2026-05-13,Rangpur,1888247,1884700,1924308,102,0,2433,0,102,1323966,1322631
2026-05-13,Rangpur,82249,82249,78566,96,0,350,0,96,68933,67872
2026-05-13,Total,1489,7,126,1,1173,955,53056,363,7150,69
2026-05-14,Dhaka,588,4,132,1,440,466,24464,147,5017,45
2026-05-14,Dhaka,4449632,4447408,4498564,101,10061,12433,90,101,1614273,1613995
2026-05-14,Dhaka,495884,495884,514776,104,0,3224,0,104,404074,403939
2026-05-14,Dhaka,404074,403939,404947,100,42,989,2355,100,178423,178156
2026-05-14,Khulna,87,0,0,0,87,60,3918,19,239,0
2026-05-14,Khulna,1614273,1613995,1613894,100,0,2549,210,100,1330655,1330307
2026-05-14,Khulna,92701,92444,92264,100,0,873,0,100,58668,58668
2026-05-14,Rajshahi,159,0,0,0,68,79,9222,78,1107,2
2026-05-14,Rajshahi,2048435,2048026,2098738,102,0,1465,118,102,1888247,1884700
2026-05-14,Rajshahi,54886,54886,58306,106,0,445,0,106,82249,82249
2026-05-14,Rangpur,11,0,2,0,10,7,1113,4,39,0
2026-05-14,Rangpur,1888247,1884700,1927361,102,0,2903,0,102,1323966,1322631
2026-05-14,Rangpur,82249,82249,79076,96,0,510,0,96,68933,67872
2026-05-14,Total,1363,6,155,1,1106,1136,54419,369,7305,70
2026-05-15,Dhaka,555,3,98,2,422,462,25019,150,5115,47
2026-05-15,Dhaka,4449632,4447748,4508625,101,0,8948,0,101,1614273,1614252
2026-05-15,Dhaka,495884,495884,517280,104,0,2266,0,104,404074,403939
2026-05-15,Dhaka,404074,403939,405961,101,0,846,0,100,178423,178376
2026-05-15,Khulna,75,0,1,0,75,104,3993,19,240,0
2026-05-15,Khulna,1614273,1614252,1617823,100,0,3408,0,100,1330655,1330307
2026-05-15,Khulna,92701,92701,93610,101,257,823,320,101,58668,58668
2026-05-15,Rajshahi,86,0,0,0,83,85,9308,78,1107,2
2026-05-15,Rajshahi,2048435,2048026,2100889,103,0,1717,0,103,1888247,1884700
2026-05-15,Rajshahi,54886,54886,58589,107,0,283,0,107,82249,82249
2026-05-15,Rangpur,9,0,0,0,7,5,1122,4,39,0
2026-05-15,Rangpur,1888247,1884700,1929989,102,0,2539,0,102,1323966,1323692
2026-05-15,Rangpur,82249,82249,79445,97,0,369,0,97,68933,68933
2026-05-15,Total,1192,8,111,4,1016,1087,55611,377,7416,74
2026-05-16,Dhaka,472,0,100,0,360,238,25491,150,5215,47
2026-05-16,Khulna,55,0,0,0,55,61,4048,19,240,0
2026-05-16,Rajshahi,37,0,0,0,40,27,9345,78,1107,2
2026-05-16,Rangpur,2,0,0,0,2,1,1124,4,39,0
2026-05-16,Total,961,2,108,0,852,590,56572,379,7524,74
2026-05-17,Dhaka,633,3,226,0,428,467,26124,153,5441,47
2026-05-17,Dhaka,4449632,4447748,4516745,102,0,6346,0,102,1614273,1614252
2026-05-17,Dhaka,495884,495884,521971,105,0,3416,0,105,404074,403939
2026-05-17,Dhaka,404074,403939,407328,101,0,1153,0,101,178423,178376
2026-05-17,Khulna,89,0,4,0,89,50,4137,19,244,0
2026-05-17,Khulna,1614273,1614252,1618803,100,0,883,0,100,1330655,1330307
2026-05-17,Khulna,92701,92701,93629,101,0,0,0,101,58668,58668
2026-05-17,Rajshahi,69,0,0,0,65,73,9414,78,1107,2
2026-05-17,Rajshahi,2048435,2048026,2101974,103,0,1052,0,103,1888247,1884788
2026-05-17,Rajshahi,54886,54886,58825,107,0,236,0,107,82249,82249
2026-05-17,Rangpur,16,0,0,0,15,8,1140,4,39,0
2026-05-17,Rangpur,1888247,1884788,1931743,102,0,1620,0,102,1323966,1323757
2026-05-17,Rangpur,82249,82249,79804,97,0,359,0,97,68933,68933
2026-05-17,Total,1274,5,243,1,1064,1099,57846,384,7767,75
2026-05-18,Dhaka,697,2,69,0,486,475,26821,155,5510,47
2026-05-18,Dhaka,4449632,4447950,4527535,102,202,9297,4602,102,1614273,1614252
2026-05-18,Dhaka,495884,495884,524646,106,0,2513,0,106,404074,403939
2026-05-18,Dhaka,404074,403939,408471,101,0,1094,0,101,178423,178376
2026-05-18,Khulna,102,0,0,0,100,136,4239,19,244,0
2026-05-18,Khulna,1614273,1614252,1621436,100,0,2602,0,100,1330655,1330356
2026-05-18,Khulna,92701,92701,94061,101,0,432,0,101,58668,58668
2026-05-18,Rajshahi,85,0,0,0,100,85,5159,78,1107,2
2026-05-18,Rajshahi,2048435,2048026,2104774,103,0,2642,0,103,1888247,1884788
2026-05-18,Rajshahi,54886,54886,59084,108,0,259,0,108,82249,82249
2026-05-18,Rangpur,17,0,6,0,16,1,1157,4,45,0
2026-05-18,Rangpur,1888247,1884788,1934195,103,0,2340,0,102,1323966,1323757
2026-05-18,Rangpur,82249,82249,80074,97,0,270,0,97,68933,68933
2026-05-18,Total,1405,5,89,0,1187,1236,54911,389,7856,75
2026-05-19,Dhaka,544,3,54,0,417,460,27365,158,5564,47
2026-05-19,Dhaka,4449632,4448346,4540267,102,396,11513,2907,102,1614273,1614252
2026-05-19,Dhaka,495884,495884,527527,106,0,2558,0,106,404074,403939
2026-05-19,Dhaka,404074,403939,410180,102,0,1449,0,102,178423,178376
2026-05-19,Khulna,90,1,0,0,90,86,4329,20,244,0
2026-05-19,Khulna,1614273,1614252,1624025,101,0,2469,0,101,1330655,1330382
2026-05-19,Khulna,92701,92701,94659,102,0,588,0,102,58668,58668
2026-05-19,Rajshahi,78,0,5,0,77,87,5648,78,1112,2
2026-05-19,Rajshahi,2048435,2048026,2107704,103,0,2807,0,103,1888247,1884845
2026-05-19,Rajshahi,54886,54886,59287,108,0,203,0,108,82249,82249
2026-05-19,Rangpur,10,0,0,0,9,5,1167,4,45,0
2026-05-19,Rangpur,1888247,1884845,1936336,103,57,1894,3323,103,1323966,1323757
2026-05-19,Rangpur,82249,82249,80484,98,0,410,0,98,68933,68933
2026-05-19,Total,1264,9,73,2,1115,1110,56586,398,7929,77
2026-05-20,Dhaka,578,1,106,1,455,418,27943,159,5670,48
2026-05-20,Khulna,99,1,0,0,99,96,4428,21,244,0
2026-05-20,Rajshahi,77,0,0,0,86,71,5725,78,1112,2
2026-05-20,Rangpur,16,0,5,0,13,7,1183,4,50,0
2026-05-20,Total,1270,3,138,3,1145,1030,57856,401,8067,80
2026-05-21,Chattogram,293,2,15,2,289,277,9632,39,628,10
2026-05-21,Dhaka,656,1,125,1,517,438,28599,160,5795,49
2026-05-21,Khulna,85,0,0,0,85,96,4513,21,244,0
2026-05-21,Rajshahi,71,0,0,0,75,114,5796,78,1112,2
2026-05-21,Rangpur,17,0,0,0,15,8,1200,4,50,0
2026-05-21,Total,1423,4,208,3,1279,1216,59279,405,8275,83
2026-05-22,Dhaka,587,0,40,1,449,411,29186,160,5835,50
2026-05-22,Khulna,94,0,5,0,94,86,4607,21,249,0
2026-05-22,Rajshahi,100,1,0,0,91,75,5896,79,1112,2
2026-05-22,Rangpur,12,1,0,0,6,6,1212,5,50,0
2026-05-22,Total,1261,9,54,2,1104,1075,60540,414,8329,85
2026-05-23,Dhaka,444,4,48,0,371,288,29630,164,5883,50
2026-05-23,Khulna,64,0,1,0,64,61,4671,21,250,0
2026-05-23,Rajshahi,34,0,0,0,35,76,5930,79,1112,2
2026-05-23,Rangpur,16,0,0,0,15,5,1228,5,50,0
2026-05-23,Total,972,12,49,1,883,696,62507,426,8494,86
2026-05-24,Dhaka,570,10,93,0,447,494,30200,174,5976,50
2026-05-24,Khulna,104,0,0,0,101,61,4775,21,250,0
2026-05-24,Rajshahi,75,1,0,0,78,85,6005,80,1112,2
2026-05-24,Rangpur,10,1,0,0,10,21,1238,6,50,0
2026-05-24,Total,1306,16,128,0,1169,1203,63813,442,8622,86
2026-05-25,Barishal,140,2,7,0,128,160,5573,34,250,19
2026-05-25,Chattogram,209,2,18,0,208,299,10455,44,667,10
2026-05-25,Dhaka,488,6,42,1,427,613,30688,180,6018,51
2026-05-25,Khulna,95,0,4,0,95,139,4870,21,254,0
2026-05-25,Rajshahi,72,2,0,0,68,93,6077,82,1112,2
2026-05-25,Rangpur,30,0,13,0,10,19,1268,6,63,0
2026-05-25,Sylhet,59,3,5,0,58,60,3290,53,163,3
2026-05-25,Total,1127,16,97,1,1027,1405,64940,458,8719,87
2026-05-26,Dhaka,475,4,48,1,366,477,31163,184,6066,52
2026-05-26,Khulna,53,0,0,0,53,73,4923,21,254,0
2026-05-26,Rajshahi,85,1,0,0,73,94,6162,83,1112,2
2026-05-26,Rangpur,23,0,0,0,17,15,1291,6,63,0
2026-05-26,Total,1083,9,53,1,945,1181,66023,467,8772,88
2026-05-27,Chattogram,175,0,0,0,166,188,10833,44,667,10
2026-05-27,Dhaka,512,2,53,0,385,454,31675,186,6119,52
2026-05-27,Khulna,78,0,0,0,78,98,5001,21,254,0
2026-05-27,Rajshahi,50,1,0,0,61,55,6212,84,1112,2
2026-05-27,Rangpur,18,0,3,0,18,18,1309,6,66,0
2026-05-27,Sylhet,29,0,1,0,28,42,3378,54,164,3
2026-05-27,Total,1056,5,62,0,933,1103,67079,472,8834,88
2026-05-28,Chattogram,163,0,0,0,148,287,10996,44,667,10
2026-05-28,Dhaka,397,3,46,0,311,394,32072,189,6165,52
2026-05-28,Khulna,68,0,0,0,68,77,5069,21,254,0
2026-05-28,Rajshahi,23,0,0,0,23,39,6235,84,1112,2
2026-05-28,Rangpur,15,0,0,0,15,13,1324,6,66,0
2026-05-28,Sylhet,35,1,0,0,31,44,3413,55,164,3
2026-05-28,Total,826,5,51,0,719,1023,67905,477,8885,88
2026-05-29,Dhaka,335,7,51,2,280,254,32407,196,6216,54
2026-05-29,Khulna,39,0,0,0,39,69,5108,21,254,0
2026-05-29,Rajshahi,12,0,0,0,13,40,6247,84,1112,2
2026-05-29,Rangpur,4,0,0,0,4,2,1328,6,66,0
2026-05-29,Total,674,8,58,2,616,585,68579,485,8943,90
2026-05-30,Dhaka,501,3,45,0,359,227,32908,199,6261,54
2026-05-30,Khulna,74,0,0,0,73,41,5182,21,254,0
2026-05-30,Rajshahi,33,0,0,0,44,26,6280,84,1112,2
2026-05-30,Rangpur,12,0,0,0,11,8,1340,6,66,0
2026-05-30,Total,1033,8,53,0,907,539,69612,493,8996,90
2026-05-31,Dhaka,562,1,45,0,427,308,33470,200,6306,54
2026-05-31,Khulna,82,0,0,0,82,48,5264,21,254,0
2026-05-31,Rajshahi,79,0,0,0,73,44,6359,84,1112,2
2026-05-31,Rangpur,29,0,0,0,29,9,1369,6,66,0
2026-05-31,Total,1324,2,53,0,1181,791,70936,495,9049,90
2026-06-01,Barishal,129,0,0,0,129,124,6490,37,254,19
2026-06-01,Chattogram,192,0,0,0,193,168,11741,45,678,10
2026-06-01,Dhaka,500,0,45,0,379,373,33970,200,6351,54
2026-06-01,Khulna,75,1,0,0,75,60,5339,22,254,0
2026-06-01,Rajshahi,68,0,0,0,72,36,6427,84,1112,2
2026-06-01,Rangpur,29,0,0,0,29,5,1398,6,66,0
2026-06-01,Sylhet,79,1,0,0,78,51,3621,59,164,3
2026-06-01,Total,1134,3,45,0,1016,881,72070,498,9094,90
2026-06-02,Barishal,144,0,0,0,142,171,6634,37,254,19
2026-06-02,Chattogram,268,0,8,0,268,216,12009,45,686,10
2026-06-02,Dhaka,527,4,30,0,431,427,34497,204,6381,54
2026-06-02,Khulna,83,0,0,0,83,91,5422,22,254,0
2026-06-02,Rajshahi,97,1,3,0,108,58,6524,85,1115,2
2026-06-02,Rangpur,35,0,1,0,34,18,1433,6,67,0
2026-06-02,Sylhet,67,1,0,0,67,40,3688,60,164,3
2026-06-02,Total,1292,6,42,0,1204,1090,73362,504,9136,90
